id,user_id,deal_direction,deal_status,deal_time_mcs,symbol,price,requested_volume,profit,position_id,filled_volume,bid,ask
1527610,7,2,0,1649863397213,,0.0,0,1000000.0,0,0,0.0,0.0
1527612,7,0,0,1649863490302,EUR/USD,1.08347,100,0.0,3445665,0,1.0834,1.08346
1527614,7,0,0,1649863533763,EUR/USD,1.08321,100,0.0,3445665,0,1.08316,1.08321
1527616,7,1,1,1649863539432,EUR/USD,1.08314,100,-0.2,3445665,100,1.08315,1.0832
1527618,7,1,1,1649863544604,EUR/USD,1.08316,100,-0.18,3445665,100,1.08317,1.08321
1527620,7,1,0,1649863548586,EUR/USD,1.08315,100,0.0,3445673,0,1.08315,1.08319
1527622,7,0,1,1649863555600,EUR/USD,1.0832,100,-0.05,3445673,100,1.08315,1.0832
1527624,7,0,0,1649864000065,EUR/USD,1.08326,100,0.0,3445678,0,1.08317,1.08323
1527626,7,1,0,1649864369678,EUR/USD,1.08328,100,0.0,3445680,0,1.08328,1.08331
1527633,7,1,0,1649868684514,EUR/USD,1.08653,100,0.0,3445688,0,1.08658,1.08658
1527634,7,1,0,1649868684518,EUR/USD,1.08654,100,0.0,3445689,0,1.08658,1.08658
1527635,7,0,0,1649868684521,EUR/USD,1.08653,100,0.0,3445690,0,1.08658,1.08658
1527636,7,0,0,1649868684523,EUR/USD,1.08659,100,0.0,3445691,0,1.08658,1.08658
1527637,7,1,0,1649868684526,EUR/USD,1.06484,100,0.0,3445692,0,1.08658,1.08658
1527638,7,0,0,1649868684528,EUR/USD,1.08655,100,0.0,3445693,0,1.08658,1.08658
1527639,7,0,1,1649868777978,EUR/USD,1.08659,100,-3.31,3445680,100,1.08655,1.08659
1527641,7,0,0,1649868803037,EUR/USD,1.0867,100,0.0,3445696,0,1.08667,1.08667
1527642,7,0,1,1649868819231,EUR/USD,1.08679,100,-0.26,3445688,100,1.08679,1.08679
1527643,7,0,1,1649868829299,EUR/USD,1.08673,100,-0.19,3445689,100,1.08674,1.08674
1527644,7,1,1,1649868838065,EUR/USD,1.0868,100,0.27,3445690,100,1.0868,1.0868
1527645,7,1,1,1649868845767,EUR/USD,1.0868,100,0.25,3445693,100,1.0868,1.0868
1527646,7,1,1,1649868850166,EUR/USD,1.08682,100,0.23,3445691,100,1.08682,1.08682
1527647,7,0,1,1649868856923,EUR/USD,1.08678,100,-21.94,3445692,100,1.08678,1.08678
1527648,7,1,1,1649868863222,EUR/USD,1.0868,100,0.1,3445696,100,1.0868,1.0868
1527650,7,1,0,1649868875914,EUR/USD,1.08678,100,0.0,3445705,0,1.08681,1.08681
1527651,7,1,1,1649868890487,EUR/USD,1.08675,100,3.49,3445678,100,1.08675,1.0868
1527652,7,0,1,1649868901135,EUR/USD,1.08676,100,0.02,3445705,100,1.08676,1.08676
1527654,7,0,0,1649868930311,EUR/USD,1.08675,100,0.0,3445709,0,1.08671,1.08671
1527656,7,1,0,1649868945468,EUR/USD,1.08668,100,0.0,3445711,0,1.08671,1.08671
1527657,7,0,1,1649868963871,EUR/USD,1.08698,100,-0.3,3445711,100,1.08699,1.08699
1527658,7,1,1,1649868970269,EUR/USD,1.08701,100,0.26,3445709,100,1.08701,1.08701
1527660,7,0,0,1649869207014,EUR/USD,1.08735,100,0.0,3445715,0,1.08729,1.08729
1527662,7,0,0,1649869207574,EUR/USD,1.08736,100,0.0,3445717,0,1.08729,1.08729
1527664,7,0,0,1649869208156,EUR/USD,1.08735,100,0.0,3445719,0,1.08729,1.08729
1527666,7,0,0,1649869209262,EUR/USD,1.08736,100,0.0,3445721,0,1.08729,1.08729
1527668,7,0,0,1649869210077,EUR/USD,1.08736,100,0.0,3445723,0,1.08729,1.08729
1527670,7,0,0,1649869210749,EUR/USD,1.08736,100,0.0,3445725,0,1.08728,1.08728
1527672,7,0,0,1649869211382,EUR/USD,1.08735,100,0.0,3445727,0,1.08728,1.08728
1527674,7,1,0,1649869267189,EUR/USD,1.08766,100,0.0,3445729,0,1.08767,1.08767
1527676,7,1,0,1649869267753,EUR/USD,1.08768,100,0.0,3445731,0,1.0877,1.0877
1527678,7,1,0,1649869268391,EUR/USD,1.08774,100,0.0,3445733,0,1.08781,1.08781
1527680,7,1,0,1649869268991,EUR/USD,1.08781,100,0.0,3445735,0,1.08781,1.08781
1527682,7,1,0,1649869269512,EUR/USD,1.08778,100,0.0,3445737,0,1.08778,1.08778
1527684,7,1,0,1649869270072,EUR/USD,1.08776,100,0.0,3445739,0,1.08775,1.08775
1527686,7,1,0,1649869270616,EUR/USD,1.08769,100,0.0,3445741,0,1.08772,1.08772
1527687,7,1,1,1649869275575,EUR/USD,1.08787,100,0.52,3445715,100,1.08786,1.08786
1527688,7,1,1,1649869289084,EUR/USD,1.08771,100,0.35,3445717,100,1.08776,1.08776
1527689,7,1,1,1649869296310,EUR/USD,1.08793,100,0.57,3445721,100,1.08793,1.08793
1527690,7,1,1,1649869304811,EUR/USD,1.08783,100,0.47,3445723,100,1.08783,1.08783
1527691,7,1,1,1649869311167,EUR/USD,1.08778,100,0.43,3445719,100,1.08776,1.08776
1527692,7,1,1,1649869317419,EUR/USD,1.08763,100,0.28,3445727,100,1.08763,1.08763
1527693,7,0,1,1649869322395,EUR/USD,1.08758,100,0.16,3445733,100,1.08758,1.08758
1527694,7,1,1,1649869326350,EUR/USD,1.0875,100,0.14,3445725,100,1.0875,1.0875
1527695,7,0,1,1649869330487,EUR/USD,1.0875,100,0.18,3445731,100,1.08749,1.08749
1527696,7,0,1,1649869334870,EUR/USD,1.08743,100,0.23,3445729,100,1.08743,1.08743
1527697,7,0,1,1649869338891,EUR/USD,1.08749,100,0.29,3445737,100,1.08747,1.08747
1527698,7,0,1,1649869344516,EUR/USD,1.08749,100,0.27,3445739,100,1.08752,1.08752
1527699,7,0,1,1649869349494,EUR/USD,1.08764,100,0.17,3445735,100,1.08764,1.08764
1527700,7,0,1,1649869356415,EUR/USD,1.08764,100,0.05,3445741,100,1.08764,1.08764
1527702,7,0,0,1649870552467,EUR/USD,1.08894,100,0.0,3445757,0,1.08887,1.08887
1527704,7,1,0,1649870691725,EUR/USD,1.08863,100,0.0,3445759,0,1.08865,1.08865
1527705,7,1,1,1649871038984,EUR/USD,1.08857,100,-0.37,3445757,100,1.08857,1.08857
1527706,7,0,1,1649871046037,EUR/USD,1.08856,100,0.07,3445759,100,1.08856,1.08856
1527716,7,0,0,1649931524322,EUR/USD,1.09125,10000,0.0,3445771,0,1.09122,1.09122
1527718,7,1,0,1649931529117,EUR/USD,1.09118,10000,0.0,3445773,0,1.09122,1.09122
1527720,7,0,0,1649931530937,EUR/USD,1.09124,10000,0.0,3445775,0,1.09122,1.09122
1527722,7,1,0,1649931533862,EUR/USD,1.09118,10000,0.0,3445777,0,1.09123,1.09123
1527723,7,1,1,1649932045330,EUR/USD,1.09126,10000,1.0,3445771,10000,1.09126,1.09126
1527724,7,1,1,1649932051462,EUR/USD,1.09127,10000,3.0,3445775,10000,1.09127,1.09127
1527725,7,0,1,1649932057380,EUR/USD,1.09127,10000,-9.0,3445777,10000,1.09127,1.09127
1527726,7,0,1,1649932067876,EUR/USD,1.09128,10000,-10.0,3445773,10000,1.09128,1.09128
1527787,5,2,0,1650457391979,,0.0,0,10000000.0,0,0,0.0,0.0
1527788,5,0,0,1650457512843,EUR/USD,1.08425,10000,0.0,3445849,0,1.0842,1.08425
1527789,5,1,1,1650457535030,EUR/USD,1.08423,10000,-2.0,3445849,10000,1.08423,1.08434
1527790,5,0,0,1650457538680,EUR/USD,1.08431,10000,0.0,3445851,0,1.08421,1.08431
1527791,5,1,1,1650457543391,EUR/USD,1.08426,10000,-5.0,3445851,10000,1.08426,1.08432
1527792,5,0,0,1650457563340,EUR/USD,1.08424,10000,0.0,3445853,0,1.08417,1.08424
1527878,7,0,0,1650886748865,EUR/USD,1.07313,10000,0.0,3445947,0,1.07305,1.07305
1527880,7,1,0,1650886752528,EUR/USD,1.073,10000,0.0,3445949,0,1.07302,1.07302
1527882,7,1,0,1650886755514,EUR/USD,1.07301,10000,0.0,3445951,0,1.07301,1.07301
1527884,7,0,0,1650886756430,EUR/USD,1.07309,10000,0.0,3445953,0,1.07302,1.07302
1527885,7,0,1,1650886759644,EUR/USD,1.07306,10000,-5.0,3445951,10000,1.07306,1.07306
1527886,7,1,1,1650886766242,EUR/USD,1.07306,10000,-3.0,3445953,10000,1.07306,1.07306
1527887,7,0,1,1650886771083,EUR/USD,1.07301,10000,-1.0,3445949,10000,1.07301,1.07301
1527888,7,1,1,1650886778503,EUR/USD,1.073,10000,-13.0,3445947,10000,1.073,1.073
1527890,7,0,0,1650889652706,EUR/USD,1.07359,10000,0.0,3445959,0,1.07349,1.07353
1527892,7,0,0,1650889659331,EUR/USD,1.07359,10000,0.0,3445961,0,1.07353,1.07353
1527894,7,1,0,1650889665485,EUR/USD,1.07339,10000,0.0,3445963,0,1.07346,1.0735
1527896,7,0,0,1650889706645,EUR/USD,1.07371,10000,0.0,3445965,0,1.07364,1.07369
1548703,3,2,0,1654017758715,,0.0,0,1000000.0,0,0,0.0,0.0
1548791,3,0,0,1655909933229,EUR/USD,1.05589,10000,0.0,3466898,0,1.05586,1.05586
1548823,3,0,0,1656591183282,AUD/CHF,0.65943,10000,0.0,3466948,0,0.65925,0.65933
1548900,7,0,1,1657650013302,EUR/USD,1.00407,10000,6932.0,3445963,10000,1.00398,1.00407
1548901,7,1,1,1657650018007,EUR/USD,1.00398,10000,-6961.0,3445961,10000,1.00398,1.00407
1548902,7,1,1,1657650022286,EUR/USD,1.00398,10000,-6961.0,3445959,10000,1.00398,1.00407
1548903,7,1,1,1657650026536,EUR/USD,1.00398,10000,-6973.0,3445965,10000,1.00398,1.00407
1549576,4,2,0,1664383568215,,0.0,0,1000000.0,0,0,0.0,0.0
1549577,4,1,0,1664456285266,EUR/USD,0.97226,1000,0.0,4380129,0,0.97226,0.97235
1549578,4,0,1,1664456817009,EUR/USD,0.97174,1000,5.2,4380129,1000,0.9717,0.97174
1549579,4,1,0,1664457162410,EUR/USD,0.97095,10000,0.0,4380131,0,0.97095,0.97102
1549580,4,0,1,1664457197456,EUR/USD,0.97088,10000,7.0,4380131,10000,0.97081,0.97088
1549581,4,0,0,1664459133118,EUR/USD,0.96974,10000,0.0,4380134,0,0.96974,0.96974
1549582,4,0,0,1664459234990,EUR/USD,0.96937,10000,0.0,4380135,0,0.96932,0.96937
1549583,4,1,1,1664459259567,EUR/USD,0.96942,10000,-32.0,4380134,10000,0.96942,0.96945
1549614,4,1,1,1664520050904,EUR/USD,0.98202,10000,1265.0,4380135,10000,0.98202,0.9821
1549621,4,0,0,1664535072008,EUR/USD,0.981,10000,0.0,4380177,0,0.98098,0.981
1549622,4,1,0,1664535073461,EUR/USD,0.98098,10000,0.0,4380178,0,0.98098,0.98098
1549623,4,0,0,1664535098404,EUR/USD,0.98115,10000,0.0,4380179,0,0.98113,0.98115
1549624,4,0,0,1664535122264,GBP/USD,1.11728,10000,0.0,4380180,0,1.1172,1.11728
1549625,4,1,0,1664535128413,XAU/USD,1669.75,10000,0.0,4380181,0,1669.75,1669.86
1549626,4,0,0,1664535134380,XAG/USD,19.171,10000,0.0,4380182,0,19.134,19.141
1549627,4,0,0,1664535384043,EUR/GBP,0.87856,50000,0.0,4380188,0,0.87816,0.87826
1549628,4,0,0,1664535416869,XAU/USD,1668.03,20000,0.0,4380189,0,1667.92,1668.03
1549629,4,0,0,1664535781674,GBP/USD,1.11574,50000,0.0,4380190,0,1.11565,1.11573
1549630,4,1,0,1664535794405,XAU/USD,1668.41,100000,0.0,4380191,0,1668.41,1668.52
1549631,4,1,0,1664535807094,XAU/USD,1668.66,100000,0.0,4380192,0,1668.66,1668.76
1549632,4,0,0,1664535823432,EUR/NZD,1.71659,100000,0.0,4380193,0,1.71603,1.71629
1549633,4,1,0,1664535840054,AUD/NZD,1.13757,100000,0.0,4380194,0,1.13787,1.13795
1549634,4,0,0,1664536015526,GBP/USD,1.11561,100000,0.0,4380195,0,1.11555,1.11562
1549635,4,1,1,1664536096405,GBP/USD,1.11498,10000,-230.0,4380180,10000,1.115,1.11503
1549636,4,1,1,1664536097470,EUR/USD,0.9794,10000,-160.0,4380177,10000,0.9794,0.97941
1549637,4,0,1,1664536100188,EUR/USD,0.97938,10000,160.0,4380178,10000,0.97938,0.97938
1549638,4,1,1,1664536101390,GBP/USD,1.11523,100000,-380.0,4380195,100000,1.11525,1.11526
1549639,4,1,1,1664536101984,EUR/USD,0.97943,10000,-172.0,4380179,10000,0.97943,0.97945
1549640,4,1,1,1664536102970,GBP/USD,1.11548,50000,-130.0,4380190,50000,1.11548,1.11554
1549641,4,1,0,1664536334016,EUR/GBP,0.8775,10000,0.0,4380202,0,0.87781,0.87787
1549642,4,0,1,1664536369844,EUR/GBP,0.87862,10000,-124.89,4380202,10000,0.87829,0.87833
1549643,4,0,0,1664536381886,EUR/USD,0.97941,50000,0.0,4380204,0,0.9794,0.97941
1549644,4,1,0,1664536387174,GBP/USD,1.11544,50000,0.0,4380205,0,1.11543,1.11552
1549645,4,0,0,1664537375408,GBP/USD,1.10883,50000,0.0,4380206,0,1.10875,1.10883
1549646,4,1,1,1664537388913,GBP/USD,1.10887,50000,20.0,4380206,50000,1.10889,1.10904
1549647,4,1,0,1664537400870,EUR/CAD,1.33869,50000,0.0,4380208,0,1.33899,1.33905
1549648,4,1,0,1664537404035,EUR/CAD,1.33875,50000,0.0,4380209,0,1.33905,1.33912
1549649,4,1,0,1664537406824,EUR/CAD,1.33871,50000,0.0,4380210,0,1.33901,1.33909
1549650,4,1,0,1664537409699,EUR/CAD,1.3387,50000,0.0,4380211,0,1.339,1.33912
1549651,4,1,0,1664537412706,EUR/CAD,1.3387,50000,0.0,4380212,0,1.339,1.33907
1549652,4,1,0,1664537415585,EUR/CAD,1.33866,50000,0.0,4380213,0,1.33897,1.33904
1549653,4,1,0,1664537418275,EUR/CAD,1.33869,50000,0.0,4380214,0,1.33899,1.33908
1549654,4,0,1,1664537461590,XAU/USD,1665.39,10000,436.0,4380181,10000,1665.28,1665.39
1549655,4,1,1,1664537476127,XAG/USD,18.994,10000,-885.0,4380182,10000,19.025,19.036
1549870,4,0,1,1665397820954,GBP/USD,1.10672,50000,4360.0,4380205,50000,1.10664,1.10672
1549871,4,1,3,1665397986657,XAU/USD,1668.41,20000,76.0,4380189,20000,1679.95,1680.02
1549872,4,0,3,1665397986657,XAU/USD,1668.03,20000,0.0,4380191,20000,1679.95,1680.02
1549873,4,1,1,1665397986998,EUR/GBP,0.87578,50000,-1538.63,4380188,50000,0.87608,0.87609
1549874,4,1,1,1665397987013,EUR/NZD,1.73138,100000,8281.22,4380193,100000,1.73168,1.732
1549875,4,0,1,1665397987015,XAU/USD,1680.02,80000,-9288.0,4380191,80000,1679.95,1680.02
1549876,4,0,1,1665397987016,XAU/USD,1680.02,100000,-11360.0,4380192,100000,1679.95,1680.02
1549877,4,0,1,1665397987019,EUR/CAD,1.3322,50000,2363.08,4380208,50000,1.33181,1.3319
1549878,4,0,1,1665397987020,EUR/CAD,1.3322,50000,2363.08,4380214,50000,1.33181,1.3319
1549879,4,0,1,1665397987022,AUD/NZD,1.12736,100000,5717.5,4380194,100000,1.12694,1.12705
1549880,4,0,1,1665397987025,EUR/CAD,1.3322,50000,2366.72,4380211,50000,1.33181,1.3319
1549881,4,0,1,1665397987026,EUR/CAD,1.3322,50000,2384.92,4380209,50000,1.33181,1.3319
1549882,4,0,1,1665397987028,EUR/CAD,1.3322,50000,2370.36,4380210,50000,1.33181,1.3319
1549883,4,0,1,1665397987029,EUR/CAD,1.3322,50000,2366.72,4380212,50000,1.33181,1.3319
1549884,4,0,1,1665397987048,EUR/CAD,1.3322,50000,2352.15,4380213,50000,1.33181,1.3319
1549885,4,1,1,1665398005272,EUR/USD,0.7199,50000,-129755.0,4380204,50000,0.96988,0.96989
1549886,4,1,0,1665398199503,EUR/USD,0.71947,200,0.0,4380646,0,0.96946,0.96946
1549887,4,0,1,1665398202935,EUR/USD,0.71945,200,0.04,4380646,200,0.96946,0.96946
1549888,4,1,0,1665398252928,AUD/NZD,1.12668,200,0.0,4380648,0,1.12698,1.12709
1549889,4,1,0,1665398260029,AUD/NZD,1.12669,200,0.0,4380649,0,1.12698,1.12712
1549890,4,0,1,1665398324600,AUD/NZD,1.12742,200,-0.83,4380648,200,1.12701,1.12712
1549891,4,0,1,1665398325795,AUD/NZD,1.12742,200,-0.82,4380649,200,1.12701,1.12712
1549892,4,0,0,1665398393097,AUD/NZD,1.12739,200,0.0,4380652,0,1.12698,1.12709
1549893,4,1,1,1665401851310,AUD/NZD,1.12895,200,1.74,4380652,200,1.12924,1.1293
1549894,4,0,0,1665402569755,XAU/USD,1678.86,10000,0.0,4380653,0,1678.75,1678.86
1549895,4,0,0,1665402569773,XAU/USD,1678.86,10000,0.0,4380656,0,1678.75,1678.86
1549896,4,1,1,1665402691766,XAU/USD,1678.54,10000,-32.0,4380656,10000,1678.52,1678.63
1549897,4,1,1,1665402692385,XAU/USD,1678.52,10000,-34.0,4380653,10000,1678.52,1678.62
1549898,4,1,0,1665403900416,EUR/USD,0.71954,200,0.0,4380659,0,0.96955,0.96955
1549899,4,1,0,1665403914040,AUD/NZD,1.13017,200,0.0,4380660,0,1.13047,1.13051
1549900,4,0,1,1665404357060,EUR/USD,0.71981,200,-0.54,4380659,200,0.96983,0.96983
1549901,4,0,1,1665404358907,AUD/NZD,1.12995,200,0.25,4380660,200,1.1296,1.12965
1551438,5,1,1,1675261538371,EUR/USD,1.09047,10000,623.0,3445853,10000,1.09048,1.09049
1553138,1,2,0,1679397182354,,0.0,0,1000000.0,0,0,0.0,0.0
1553632,1,0,0,1679635388705,EUR/USD,1.08237,100,0.0,4393627,0,1.0817,1.08297
1553637,1,1,0,1679886353936,EUR/USD,1.07637,10000,0.0,4393632,0,1.07637,1.07643
1553638,1,0,1,1679886698412,EUR/USD,1.07628,10000,9.0,4393632,10000,1.07623,1.07628
1553639,1,1,1,1679886720746,EUR/USD,1.07627,100,-6.1,4393627,100,1.07628,1.07632
1553640,1,0,0,1679889789674,EUR/USD,1.07659,10000,0.0,4393640,0,1.07655,1.07659
1553641,1,1,1,1679896106493,EUR/USD,1.07738,10000,79.0,4393640,10000,1.07737,1.07743
1553642,1,0,0,1679896163236,EUR/USD,1.07738,10000,0.0,4393647,0,1.07734,1.07738
1553643,1,1,1,1679896202730,EUR/USD,1.07726,10000,-12.0,4393647,10000,1.07726,1.07732
1553644,1,1,0,1679901747063,EUR/USD,1.07651,10000,0.0,4393649,0,1.07651,1.07655
1553645,1,0,1,1679902081560,EUR/USD,1.07656,10000,-5.0,4393649,10000,1.07652,1.07656
1553646,1,0,0,1679902092155,EUR/USD,1.07655,10000,0.0,4393651,0,1.07652,1.07655
1553647,1,1,1,1679902103072,EUR/USD,1.07654,10000,-1.0,4393651,10000,1.07655,1.0766
1553648,1,0,0,1679907432768,EUR/USD,1.07661,10000,0.0,4393653,0,1.07657,1.07661
1553649,1,1,1,1679908325490,EUR/USD,1.0772,10000,59.0,4393653,10000,1.0772,1.07725
1553650,1,1,0,1679908351209,EUR/USD,1.07718,10000,0.0,4393655,0,1.07718,1.07724
1553651,1,0,1,1679908632628,EUR/USD,1.0766,10000,58.0,4393655,10000,1.07658,1.0766
1553652,1,0,0,1679911572025,EUR/USD,1.07596,10000,0.0,4393657,0,1.07589,1.07596
1554012,1,1,1,1681375264722,EUR/USD,1.09862,10000,2266.0,4393657,10000,1.09855,1.09873
1554287,3,2,0,1684332378216,,0.0,0,10000.0,0,0,0.0,0.0
1570412,3,2,0,1693396730705,,0.0,0,1000000000.0,0,0,0.0,0.0
1570465,3,2,0,1693408817251,,0.0,0,1000000000.0,0,0,0.0,0.0
1570472,3,2,0,1693408885206,,0.0,0,1000000000.0,0,0,0.0,0.0
1570479,3,2,0,1693408959954,,0.0,0,1000000000.0,0,0,0.0,0.0
1570525,3,2,0,1693483210923,,0.0,0,1000000000.0,0,0,0.0,0.0
1570533,3,2,0,1693483256832,,0.0,0,1000000000.0,0,0,0.0,0.0
1570657,3,2,0,1693556361851,,0.0,0,-2000000000.0,0,0,0.0,0.0
1570668,3,2,0,1693566719809,,0.0,0,1000000000.0,0,0,0.0,0.0
1570675,3,2,0,1693566780019,,0.0,0,1000000000.0,0,0,0.0,0.0
1570832,3,2,0,1694024341726,,0.0,0,1071740000.0,0,0,0.0,0.0
1570985,3,2,0,1694446200019,,0.0,0,1072760000.0,0,0,0.0,0.0
1571688,3,2,0,1694691373203,,0.0,0,0.0,0,0,0.0,0.0
1571708,3,2,0,1694691776512,,0.0,0,100000.0,0,0,0.0,0.0
1571911,3,2,0,1694702191390,,0.0,0,100000.0,0,0,0.0,0.0
1571975,3,2,0,1694773288562,,0.0,0,0.0,0,0,0.0,0.0
1571981,3,2,0,1694773594115,,0.0,0,100000.0,0,0,0.0,0.0
1571987,3,2,0,1694773807027,,0.0,0,100000.0,0,0,0.0,0.0
1571993,3,2,0,1694790904242,,0.0,0,100000.0,0,0,0.0,0.0
1572075,3,2,0,1695034359042,,0.0,0,0.0,0,0,0.0,0.0
1572089,3,2,0,1695036780517,,0.0,0,100000.0,0,0,0.0,0.0
1572208,3,2,0,1695041577579,,0.0,0,100000.0,0,0,0.0,0.0
1572299,3,2,0,1695055249946,,0.0,0,100000.0,0,0,0.0,0.0
1572306,3,2,0,1695055457125,,0.0,0,100000.0,0,0,0.0,0.0
1572434,3,2,0,1695071857828,,0.0,0,-100000.0,0,0,0.0,0.0
1572442,3,2,0,1695071884017,,0.0,0,-100000.0,0,0,0.0,0.0
1572450,3,2,0,1695108036630,,0.0,0,100000.0,0,0,0.0,0.0
1572500,3,2,0,1695133779448,,0.0,0,107146.0,0,0,0.0,0.0
1572508,3,2,0,1695135281340,,0.0,0,100000.0,0,0,0.0,0.0
1572516,3,2,0,1695135459418,,0.0,0,100000.0,0,0,0.0,0.0
1572524,3,2,0,1695135561855,,0.0,0,107000.0,0,0,0.0,0.0
1572537,3,2,0,1695141536240,,0.0,0,0.0,0,0,0.0,0.0
1572545,3,2,0,1695199152608,,0.0,0,106911.0,0,0,0.0,0.0
1572555,3,2,0,1695205728979,,0.0,0,0.0,0,0,0.0,0.0
1572563,3,2,0,1695205760753,,0.0,0,0.0,0,0,0.0,0.0
1572571,3,2,0,1695205924631,,0.0,0,0.0,0,0,0.0,0.0
1572579,3,2,0,1695207170591,,0.0,0,0.0,0,0,0.0,0.0
1572587,3,2,0,1695207343095,,0.0,0,100000.0,0,0,0.0,0.0
1572595,3,2,0,1695208963042,,0.0,0,106962.0,0,0,0.0,0.0
1572623,3,2,0,1695220946399,,0.0,0,100000.0,0,0,0.0,0.0
1572631,3,2,0,1695224713786,,0.0,0,107117.0,0,0,0.0,0.0
1572638,3,2,0,1695224754132,,0.0,0,107116.0,0,0,0.0,0.0
1572646,3,2,0,1695226349616,,0.0,0,100000.0,0,0,0.0,0.0
1572654,3,2,0,1695226670413,,0.0,0,100000.0,0,0,0.0,0.0
1572662,3,2,0,1695226745795,,0.0,0,100000.0,0,0,0.0,0.0
1572670,3,2,0,1695226814333,,0.0,0,100000.0,0,0,0.0,0.0
1572809,3,2,0,1695284423159,,0.0,0,0.0,0,0,0.0,0.0
1572824,3,2,0,1695295072586,,0.0,0,212704.0,0,0,0.0,0.0
1572832,3,2,0,1695295628797,,0.0,0,212704.0,0,0,0.0,0.0
1572840,3,2,0,1695296154052,,0.0,0,106352.0,0,0,0.0,0.0
1572848,3,2,0,1695297298946,,0.0,0,100000.0,0,0,0.0,0.0
1572856,3,2,0,1695297321724,,0.0,0,100000.0,0,0,0.0,0.0
1572868,3,2,0,1695300257198,,0.0,0,100000.0,0,0,0.0,0.0
1572876,3,2,0,1695300363986,,0.0,0,-200000.0,0,0,0.0,0.0
1572884,3,2,0,1695302760009,,0.0,0,100000.0,0,0,0.0,0.0
1572892,3,2,0,1695371760012,,0.0,0,100000.0,0,0,0.0,0.0
1573877,3,2,0,1696264122777,,0.0,0,105152.0,0,0,0.0,0.0
1573890,3,2,0,1696413177196,,0.0,0,104803.0,0,0,0.0,0.0
1574144,3,2,0,1696414636806,,0.0,0,0.0,0,0,0.0,0.0
1574174,3,2,0,1696418903566,,0.0,0,100000.0,0,0,0.0,0.0
1574183,3,2,0,1696418953428,,0.0,0,-100000.0,0,0,0.0,0.0
1574192,3,2,0,1696419454310,,0.0,0,-100000.0,0,0,0.0,0.0
1574441,3,2,0,1697020320117,,0.0,0,106013.0,0,0,0.0,0.0
1574704,3,2,0,1697028001075,,0.0,0,100000.0,0,0,0.0,0.0
1574934,3,2,0,1697803898590,,0.0,0,100000.0,0,0,0.0,0.0
1574979,3,2,0,1697814735300,,0.0,0,100000.0,0,0,0.0,0.0
1574990,3,2,0,1697815133110,,0.0,0,1000.0,0,0,0.0,0.0
1574998,3,2,0,1697815182319,,0.0,0,1000.0,0,0,0.0,0.0
1575009,3,2,0,1697815692532,,0.0,0,2000.0,0,0,0.0,0.0
1575016,3,2,0,1697815719046,,0.0,0,2000.0,0,0,0.0,0.0
1681036,2,2,0,1705327282583,,0.0,0,100000.0,0,0,0.0,0.0
1681072,2,0,0,1705396471306,XAU/USD,2049.45,10000,0.0,6025679,0,2049.26,2049.45
1681073,2,1,1,1705396496025,XAU/USD,2049.45,10000,0.0,6025679,10000,2049.45,2049.64
1681074,2,0,0,1705396502175,XAU/USD,2049.59,10000,0.0,6025681,0,2049.4,2049.59
1681075,2,1,0,1705396503072,XAU/USD,2049.37,10000,0.0,6025682,0,2049.37,2049.56
1681098,3,2,0,1705504679156,,0.0,0,108735.0,0,0,0.0,0.0
1681106,3,2,0,1705504732203,,0.0,0,0.0,0,0,0.0,0.0
1681114,3,2,0,1705505542227,,0.0,0,0.0,0,0,0.0,0.0
1681122,3,2,0,1705505719782,,0.0,0,0.0,0,0,0.0,0.0
1681130,3,2,0,1705506212381,,0.0,0,0.0,0,0,0.0,0.0
1681138,3,2,0,1705506494915,,0.0,0,108611.0,0,0,0.0,0.0
1681170,3,2,0,1705578635596,,0.0,0,100000.0,0,0,0.0,0.0
1681192,6,0,0,1705664440156,XAU/USD,2028.24,1,0.0,6025745,0,2028.08,2028.24
2068205,3,2,0,1714668812392,,0.0,0,106837.0,0,0,0.0,0.0
2068223,3,2,0,1714669074324,,0.0,0,106884.0,0,0,0.0,0.0
2068496,3,2,0,1715099725072,,0.0,0,12345.0,0,0,0.0,0.0
2068777,3,2,0,1715612587560,,0.0,0,100000.0,0,0,0.0,0.0
2069033,3,2,0,1715612711576,,0.0,0,100000.0,0,0,0.0,0.0
2069415,3,2,0,1715616907434,,0.0,0,100000.0,0,0,0.0,0.0
2069428,6,2,0,1715616913796,,0.0,0,0.01,0,0,0.0,0.0
2069430,2,2,0,1715616914203,,0.0,0,100.0,0,0,0.0,0.0
2069432,2,2,0,1715616914668,,0.0,0,100.0,0,0,0.0,0.0
2069766,3,2,0,1715621703994,,0.0,0,100000.0,0,0,0.0,0.0
2069782,6,2,0,1715621715616,,0.0,0,0.01,0,0,0.0,0.0
2069784,2,2,0,1715621717814,,0.0,0,100.0,0,0,0.0,0.0
2069788,2,2,0,1715621719375,,0.0,0,100.0,0,0,0.0,0.0
2070124,6,2,0,1715626270723,,0.0,0,0.01,0,0,0.0,0.0
2070128,2,2,0,1715626272037,,0.0,0,100.0,0,0,0.0,0.0
2070132,2,2,0,1715626272696,,0.0,0,100.0,0,0,0.0,0.0
2070150,3,2,0,1715626279120,,0.0,0,107927.0,0,0,0.0,0.0
2070484,3,2,0,1715703372320,,0.0,0,107962.0,0,0,0.0,0.0
2070501,3,2,0,1715703605223,,0.0,0,107962.0,0,0,0.0,0.0
2070562,3,2,0,1715706313859,,0.0,0,107962.0,0,0,0.0,0.0
2070885,3,2,0,1715760965774,,0.0,0,10796.2,0,0,0.0,0.0
2071209,3,2,0,1715762160047,,0.0,0,-10.0,0,0,0.0,0.0
2071512,3,2,0,1715763661380,,0.0,0,9814480000.0,0,0,0.0,0.0
2071529,3,2,0,1715764302874,,0.0,0,5165520000.0,0,0,0.0,0.0
2071549,3,2,0,1715764599939,,0.0,0,-107962.0,0,0,0.0,0.0
2071584,3,2,0,1715765015111,,0.0,0,-6.48,0,0,0.0,0.0
2071597,3,2,0,1715777704412,,0.0,0,107962.0,0,0,0.0,0.0
2114595,3,2,0,1715863590000,,0.0,0,0.0,0,0,0.0,0.0
2115119,3,2,0,1715864170766,,0.0,0,0.0,0,0,0.0,0.0
2128511,3,2,0,1715949783408,,0.0,0,0.0,0,0,0.0,0.0
2149439,3,2,0,1716036181501,,0.0,0,0.0,0,0,0.0,0.0
2150243,3,2,0,1716472847389,,0.0,0,100000.0,0,0,0.0,0.0
2150528,3,2,0,1716475207371,,0.0,0,108470.0,0,0,0.0,0.0
2151443,3,2,0,1716560711173,,0.0,0,1300390.0,0,0,0.0,0.0
2151458,3,2,0,1716560713254,,0.0,0,108366.0,0,0,0.0,0.0
2151488,3,2,0,1716560717168,,0.0,0,1300390.0,0,0,0.0,0.0
2151525,3,2,0,1716561066262,,0.0,0,0.0,0,0,0.0,0.0
2151799,3,2,0,1716561721893,,0.0,0,500000.0,0,0,0.0,0.0
2152100,3,2,0,1716566284088,,0.0,0,1200000.0,0,0,0.0,0.0
2231892,3,2,0,1719234475522,,0.0,0,100000.0,0,0,0.0,0.0
2231901,3,2,0,1719234668898,,0.0,0,203701.0,0,0,0.0,0.0
2231909,3,2,0,1719234863264,,0.0,0,1100000.0,0,0,0.0,0.0
2232308,3,2,0,1719469122152,,0.0,0,1200000.0,0,0,0.0,0.0
2232323,3,2,0,1719496742450,,0.0,0,2200000.0,0,0,0.0,0.0
2294716,3,2,0,1724674061770,,0.0,0,100000.0,0,0,0.0,0.0
2294889,3,2,0,1724675267182,,0.0,0,100000.0,0,0,0.0,0.0
2295171,3,2,0,1724675868902,,0.0,0,752704.0,0,0,0.0,0.0
2295334,3,2,0,1724676063651,,0.0,0,124118.0,0,0,0.0,0.0
